freq,fft
0,-14.245498670765091
11.71875,-20.259657358134394
23.4375,-24.341566102680574
35.15625,-9.459309907484775
46.875,-2.3810266396988293
58.59375,3.4923820347055585
70.3125,4.703754609343872
82.03125,8.972599962617165
93.75,11.557243984659094
105.46875,13.80033675314138
117.1875,15.478054712671579
128.90625,16.699574696203655
140.625,17.175592386920858
152.34375,18.103661691660296
164.0625,18.623945908831036
175.78125,18.2821790352516
187.5,18.286170172518027
199.21875,18.30286561305426
210.9375,18.265994193221534
222.65625,18.222039297061343
234.375,18.191534192668133
246.09375,18.13899235064479
257.8125,17.281663202045834
269.53125,17.037536534163465
281.25,17.149990846458603
292.96875,16.78809958011143
304.6875,16.75819325496048
316.40625,16.480140134855287
328.125,16.64568000148637
339.84375,15.933752407625654
351.5625,15.90112264744818
363.28125,16.096393835671073
375,16.03964367813034
386.71875,15.520496687692479
398.4375,16.006660701640335
410.15625,16.30981398483123
421.875,15.98470772382489
433.59375,15.842190776903198
445.3125,15.585864705853453
457.03125,15.71016707708948
468.75,14.380821143378256
480.46875,14.654028469204867
492.1875,14.03123213081354
503.90625,14.670051917242915
515.625,14.050102585572281
527.34375,13.815947839545293
539.0625,12.460208006116325
550.78125,12.385131200017307
562.5,11.171667006716692
574.21875,9.752650955203087
585.9375,3.7680706050851116
597.65625,0.7478964061602844
609.375,10.212072762374797
621.09375,16.24408720609564
632.8125,18.168531959687513
644.53125,17.09793568136242
656.25,17.616392072309935
667.96875,16.702722530762372
679.6875,16.850893888520517
691.40625,16.41041013624237
703.125,16.992280349857282
714.84375,16.509468093625216
726.5625,15.062263337700688
738.28125,14.890508179118038
750,14.8481268167026
761.71875,14.425042178088557
773.4375,14.374441165313648
785.15625,14.042680237239225
796.875,14.233627642128464
808.59375,13.93762429958615
820.3125,13.435665845463532
832.03125,12.481341928875931
843.75,12.087145270501534
855.46875,11.886210212753038
867.1875,12.305963773060537
878.90625,11.668577249557632
890.625,10.554183225550972
902.34375,10.671492495561703
914.0625,11.101138878140212
925.78125,10.845765789804085
937.5,10.063141598094813
949.21875,10.70845206976278
960.9375,11.694149632536703
972.65625,11.306428849539172
984.375,11.501096728286113
996.09375,10.525166169727777
1007.8125,11.127814772184855
1019.53125,16.595125271624234
1031.25,14.935615583286552
1042.96875,14.089940977009894
1054.6875,12.843825447702056
1066.40625,11.446832397382918
1078.125,9.476391394603809
1089.84375,8.459780118604908
1101.5625,5.879516171316917
1113.28125,4.2418705225101805
1125,3.6947068566567127
1136.71875,4.0528577676549284
1148.4375,4.218234122055774
1160.15625,5.237460812083547
1171.875,10.06566641815512
1183.59375,12.80252500001656
1195.3125,14.64248294615236
1207.03125,15.259019353812647
1218.75,13.129206455119373
1230.46875,17.185522483314184
1242.1875,16.164308339000563
1253.90625,15.121340936104612
1265.625,14.126830380828409
1277.34375,13.36591063969742
1289.0625,12.89864186385062
1300.78125,12.395978562458176
1312.5,11.593325582620551
1324.21875,10.819336412725459
1335.9375,10.914813761690358
1347.65625,9.431622613851328
1359.375,7.720190274716609
1371.09375,8.258901668608349
1382.8125,10.115782948879257
1394.53125,10.53287113315697
1406.25,10.23636458322972
1417.96875,9.764995248807883
1429.6875,9.908373928963982
1441.40625,9.175853944175483
1453.125,8.590879893851989
1464.84375,8.144374150413979
1476.5625,6.974516399311431
1488.28125,7.420618809661508
1500,7.182565417873082
1511.71875,7.217409542399742
1523.4375,7.5916015282984715
1535.15625,8.235830937608664
1546.875,8.754675827304286
1558.59375,8.980717316359765
1570.3125,8.894298523959453
1582.03125,9.525813535791261
1593.75,9.060285812937483
1605.46875,9.373478278397595
1617.1875,9.710696002705228
1628.90625,10.899003423301634
1640.625,10.895748308555884
1652.34375,10.451253933625718
1664.0625,10.467415174454173
1675.78125,11.096223517495263
1687.5,11.45860712558219
1699.21875,12.18938558482141
1710.9375,12.61870381541582
1722.65625,12.38908683038458
1734.375,11.756527141366224
1746.09375,12.024164632780444
1757.8125,12.472435951113802
1769.53125,11.66682768375449
1781.25,11.351353374099823
1792.96875,10.926643181489249
1804.6875,10.52502265976143
1816.40625,11.470153302974385
1828.125,11.766691371088626
1839.84375,10.630833011076673
1851.5625,10.71050213786425
1863.28125,11.28117949582961
1875,12.713805386739434
1886.71875,11.936357319854942
1898.4375,12.57522193165296
1910.15625,13.047647916668748
1921.875,12.586612666582557
1933.59375,12.062361961490062
1945.3125,12.932407267438307
1957.03125,13.185113735039167
1968.75,13.211624568123494
1980.46875,13.168482541978895
1992.1875,12.798157949414293
2003.90625,12.459446563283072
2015.625,13.467984798992141
2027.34375,13.69680313366582
2039.0625,14.059213011957967
2050.78125,13.667209187353436
2062.5,13.203110730759231
2074.21875,12.09083698441297
2085.9375,12.626755322340859
2097.65625,12.642145019511197
2109.375,13.130987173393802
2121.09375,12.553994039632705
2132.8125,13.123146822626516
2144.53125,14.470733368563305
2156.25,14.59814086565501
2167.96875,15.404933557401288
2179.6875,16.088345004085376
2191.40625,16.180123018740705
2203.125,16.051014218232456
2214.84375,16.364982959973094
2226.5625,16.656426304689642
2238.28125,16.601555528400255
2250,16.58759893689681
2261.71875,16.648771137107712
2273.4375,16.84597040769645
2285.15625,16.604193466018206
2296.875,16.503875815288474
2308.59375,16.54046108863414
2320.3125,16.70250916224749
2332.03125,16.552576965025622
2343.75,16.70485764460443
2355.46875,16.42612795680642
2367.1875,16.392738174868708
2378.90625,16.427198364965015
2390.625,16.11641051882514
2402.34375,16.000454782717625
2414.0625,15.70650994521081
2425.78125,15.020006955080623
2437.5,14.9788400807435
2449.21875,14.859783761631135
2460.9375,15.152076377539581
2472.65625,14.949081786358796
2484.375,14.30819776080099
2496.09375,14.222829020291988
2507.8125,13.53263335261188
2519.53125,13.0652959772933
2531.25,12.751957415198339
2542.96875,12.995302149766406
2554.6875,13.150659083196679
2566.40625,13.436159214690878
2578.125,13.934661663418492
2589.84375,14.435080679129186
2601.5625,15.024165485441973
2613.28125,15.211269991800425
2625,15.194252356631896
2636.71875,15.573015350978034
2648.4375,15.941760578990767
2660.15625,15.947785680133853
2671.875,16.232314301797608
2683.59375,16.558604628459527
2695.3125,16.409902746845354
2707.03125,15.835794022242752
2718.75,15.558128810857996
2730.46875,15.516883441210318
2742.1875,15.49652071150755
2753.90625,15.596414043719243
2765.625,15.752483223231582
2777.34375,15.743061657466216
2789.0625,15.133603076608281
2800.78125,14.02212688915104
2812.5,13.934347683480262
2824.21875,13.070832457258401
2835.9375,12.335897571442572
2847.65625,10.969695181818569
2859.375,10.3081091411287
2871.09375,9.979840196298506
2882.8125,10.54228775202434
2894.53125,9.97968113381295
2906.25,10.034114761838953
2917.96875,10.304510409069803
2929.6875,9.889578065384102
2941.40625,7.651855873163812
2953.125,6.871561318461678
2964.84375,6.393992228196158
2976.5625,3.3740515579364336
2988.28125,-1.028531064057718
3000,2.4181130801619752
3011.71875,5.33040942564532
3023.4375,7.583926552579003
3035.15625,8.192649707354127
3046.875,8.392395882176329
3058.59375,8.718385322738225
3070.3125,8.652724170690975
3082.03125,10.330828568948714
3093.75,11.70702063148482
3105.46875,11.982332818402153
3117.1875,12.066661166743078
3128.90625,12.212002561801942
3140.625,12.502707696877852
3152.34375,12.47950772180136
3164.0625,12.720677094644557
3175.78125,13.130377628649399
3187.5,13.38665849736995
3199.21875,13.254958622913156
3210.9375,13.767877545389638
3222.65625,13.827480003910782
3234.375,13.718967269093502
3246.09375,13.78514660944118
3257.8125,13.81667799405022
3269.53125,14.03494142586247
3281.25,14.081922715180683
3292.96875,13.984154397169231
3304.6875,14.161844686747413
3316.40625,14.330437991597398
3328.125,14.729777565316752
3339.84375,14.843790761052563
3351.5625,14.954894976161912
3363.28125,15.210139067860492
3375,15.523205452497177
3386.71875,15.945522766267871
3398.4375,15.958447181702473
3410.15625,16.122912112940153
3421.875,16.604402083964867
3433.59375,16.592099774887984
3445.3125,16.669064675241575
3457.03125,16.655964603169462
3468.75,16.990085892721414
3480.46875,16.836272034614893
3492.1875,16.827474305833498
3503.90625,16.942923527141318
3515.625,16.784130607607498
3527.34375,16.37180998841616
3539.0625,15.801289173255292
3550.78125,15.831601495659257
3562.5,16.0400244790763
3574.21875,15.777473326996578
3585.9375,15.234089216326968
3597.65625,15.329856650218865
3609.375,15.001913979291444
3621.09375,15.062160645131087
3632.8125,15.249382221404124
3644.53125,15.477536271226715
3656.25,15.20451002642589
3667.96875,14.711388904749034
3679.6875,14.101774641693687
3691.40625,13.500987623429308
3703.125,13.516525637005213
3714.84375,13.582232756628468
3726.5625,13.298570046555396
3738.28125,13.104037569696443
3750,12.769956520229439
3761.71875,12.208200575282246
3773.4375,12.090325054852563
3785.15625,11.908575442200426
3796.875,11.71459841686849
3808.59375,12.141741811751281
3820.3125,12.567197997104236
3832.03125,12.59337763380753
3843.75,12.079134296923414
3855.46875,12.154595191073344
3867.1875,12.24773491581529
3878.90625,12.2795545430576
3890.625,12.621066284456258
3902.34375,12.806132291491865
3914.0625,12.723491415308521
3925.78125,12.717637371270067
3937.5,12.170632565613612
3949.21875,12.140257260176286
3960.9375,12.381010504239967
3972.65625,12.35234626809784
3984.375,12.370309672737774
3996.09375,12.389788748448279
4007.8125,12.805712840931234
4019.53125,12.900918420804572
4031.25,12.749323354043582
4042.96875,12.555108799011379
4054.6875,12.565817767998386
4066.40625,12.29924531399855
4078.125,12.239327147118217
4089.84375,12.263347574107204
4101.5625,12.05178636839401
4113.28125,12.010588607102083
4125,11.802238644243294
4136.71875,11.765708664914353
4148.4375,11.628612501685927
4160.15625,11.604390308024225
4171.875,11.11732359596119
4183.59375,11.279570224368133
4195.3125,11.532508732872895
4207.03125,11.747574289965943
4218.75,12.153039459293115
4230.46875,11.781261186205088
4242.1875,12.040192709886334
4253.90625,12.51812669114546
4265.625,12.543277589281889
4277.34375,12.720577445130118
4289.0625,12.169869722406009
4300.78125,11.937647613830942
4312.5,12.104853280396387
4324.21875,11.823750953950888
4335.9375,12.118094031802567
4347.65625,12.133407871292153
4359.375,11.934868892359326
4371.09375,11.672526966625725
4382.8125,11.617298890599809
4394.53125,11.759766775824454
4406.25,11.624355850918747
4417.96875,11.539695535851482
4429.6875,11.39269337783113
4441.40625,10.961802692803175
4453.125,10.669164014137804
4464.84375,9.849952433290994
4476.5625,9.101072978345817
4488.28125,8.590981299812206
4500,8.798597556427676
4511.71875,9.1545184352778
4523.4375,9.315788668155356
4535.15625,9.03115958179017
4546.875,9.299841286644996
4558.59375,9.040899144327286
4570.3125,8.890350062441213
4582.03125,9.065642552668844
4593.75,9.082735249058306
4605.46875,8.932979023897548
4617.1875,8.814717777405487
4628.90625,8.52281124782865
4640.625,7.858214667515465
4652.34375,7.577225018317185
4664.0625,7.187000999733453
4675.78125,7.609244219656191
4687.5,7.911246741033697
4699.21875,8.006337340066343
4710.9375,8.341493393891943
4722.65625,8.381729034652057
4734.375,8.325857618156153
4746.09375,8.779975247496388
4757.8125,9.115438665425943
4769.53125,8.768927666497923
4781.25,8.541199856038293
4792.96875,8.95281846321326
4804.6875,8.916647274795805
4816.40625,9.075634268393589
4828.125,9.662856413465956
4839.84375,10.124009501353648
4851.5625,9.934591092026459
4863.28125,9.874025692770314
4875,9.812289679128199
4886.71875,9.43555207507541
4898.4375,9.472418699336522
4910.15625,10.094570656612923
4921.875,10.13212111358772
4933.59375,9.647620865455842
4945.3125,9.274152816715004
4957.03125,9.518382263713095
4968.75,9.583151685479532
4980.46875,9.650984272993
4992.1875,9.70776602023512
5003.90625,9.999333913390991
5015.625,10.035482852432068
5027.34375,9.943717970216229
5039.0625,9.4714910002836
5050.78125,9.741037055576458
5062.5,9.594493185020449
5074.21875,9.48327138961069
5085.9375,10.147404430147072
5097.65625,10.219296591788458
5109.375,9.303461312682016
5121.09375,9.163656914561399
5132.8125,9.022589667277632
5144.53125,8.395183646991661
5156.25,8.338213557566585
5167.96875,8.58561165272561
5179.6875,8.376019407433619
5191.40625,8.569909350639191
5203.125,8.384448036525157
5214.84375,7.443948302201999
5226.5625,6.458717889127322
5238.28125,6.237094326324632
5250,6.574268946603602
5261.71875,6.552507704716986
5273.4375,6.607484655693854
5285.15625,7.355142237884298
5296.875,7.585831445751938
5308.59375,8.22067086992621
5320.3125,8.935034811329643
5332.03125,8.616647530089121
5343.75,8.385582518835689
5355.46875,7.884799495630994
5367.1875,7.388036222953067
5378.90625,8.007609911842716
5390.625,8.16222686730649
5402.34375,8.394255185227324
5414.0625,7.795927652577292
5425.78125,8.664838131743377
5437.5,8.583685271572335
5449.21875,9.366770846900277
5460.9375,9.318816166015544
5472.65625,9.012790476923039
5484.375,8.34743866491489
5496.09375,7.752232441919727
5507.8125,8.483494018422896
5519.53125,8.60831363910566
5531.25,8.043598718793923
5542.96875,7.457135941350836
5554.6875,7.8254360972383195
5566.40625,7.672067384415245
5578.125,7.991516013925947
5589.84375,7.713089684968681
5601.5625,6.315847620746463
5613.28125,4.612381121946353
5625,4.62349939841868
5636.71875,6.527444095178482
5648.4375,7.0645303891938145
5660.15625,7.205632828262126
5671.875,6.853076184998315
5683.59375,6.914784688762117
5695.3125,6.862411386072299
5707.03125,6.387047908110023
5718.75,6.114455362993869
5730.46875,6.34910208696465
5742.1875,5.711781105839674
5753.90625,5.408025437105922
5765.625,5.190080308257986
5777.34375,4.975870769908492
5789.0625,4.395479016032498
5800.78125,4.797631100483665
5812.5,4.966433354222454
5824.21875,5.295886073797899
5835.9375,5.223375473325484
5847.65625,5.867017072081398
5859.375,6.20074163046529
5871.09375,5.963072441604984
5882.8125,5.25712966146134
5894.53125,5.202565021474003
5906.25,4.683298295730513
5917.96875,4.821878368264956
5929.6875,4.810577182124816
5941.40625,4.452664481590313
5953.125,4.6418666438867
5964.84375,4.63844802341961
5976.5625,4.6064780833721715
5988.28125,4.571776705208734
6000,4.47128072109143
6011.71875,4.517222577613035
6023.4375,5.197907442280549
6035.15625,5.561130915563864
6046.875,5.387954731741647
6058.59375,5.323765311752978
6070.3125,5.221913104545491
6082.03125,4.575145389179461
6093.75,4.097671008076273
6105.46875,4.452756212518361
6117.1875,4.424633618327372
6128.90625,3.9632712380351176
6140.625,4.151148845209518
6152.34375,4.396151753666854
6164.0625,4.3781476582119065
6175.78125,3.8300529428880825
6187.5,3.6053842769894895
6199.21875,3.4869873738783235
6210.9375,3.474883226720169
6222.65625,3.2923918594369397
6234.375,3.314901698263087
6246.09375,3.282094016643542
6257.8125,3.3095458909581184
6269.53125,3.4415835118648492
6281.25,3.3774202197067797
6292.96875,3.5642275080734303
6304.6875,3.517657538354608
6316.40625,3.590451947051687
6328.125,3.338737172284936
6339.84375,3.076780243167319
6351.5625,3.2613950751940273
6363.28125,3.3573959661679447
6375,2.6284516543023173
6386.71875,2.447730521500717
6398.4375,2.4441848220034816
6410.15625,2.285336514177903
6421.875,2.4385656026458298
6433.59375,2.675421993559857
6445.3125,2.5856040924784693
6457.03125,2.090124284447263
6468.75,1.9420702601960405
6480.46875,1.757706166758727
6492.1875,2.0406896733655095
6503.90625,2.2917321646426805
6515.625,2.8451277098689998
6527.34375,2.7655052993207208
6539.0625,2.043722076062028
6550.78125,2.4696941223901407
6562.5,2.506238405937638
6574.21875,2.4674396743922724
6585.9375,2.793476499983823
6597.65625,3.1288305145085653
6609.375,3.1770954690715336
6621.09375,2.733387656626193
6632.8125,2.694940138566901
6644.53125,2.67862661010062
6656.25,2.190345183713714
6667.96875,2.1490422732233876
6679.6875,2.212373753901685
6691.40625,2.2279800294653223
6703.125,1.8012434803019295
6714.84375,1.8351133081820041
6726.5625,1.5401965291738986
6738.28125,1.2277131747420202
6750,1.055792047090775
6761.71875,1.1202183166374138
6773.4375,0.8579908016317779
6785.15625,0.8817448225939866
6796.875,0.6306937763027334
6808.59375,0.4761618350395416
6820.3125,0.24600895942968531
6832.03125,0.4460909077157951
6843.75,0.17967745527035384
6855.46875,-0.15565794081040155
6867.1875,-0.36466958733702826
6878.90625,-0.6260364501321489
6890.625,-0.6408316193430629
6902.34375,-0.6526814912488721
6914.0625,-0.8612107460281735
6925.78125,-1.2872492956176684
6937.5,-1.5590571347312845
6949.21875,-1.8092686061787877
6960.9375,-1.8597616010956002
6972.65625,-2.5643731237288763
6984.375,-2.6169260830305356
6996.09375,-2.2288624824669534
7007.8125,-2.5003721683107862
7019.53125,-3.107555411557831
7031.25,-2.9722750248068874
7042.96875,-3.192506945754019
7054.6875,-3.716435063530654
7066.40625,-3.9823618598872486
7078.125,-4.061996969281282
7089.84375,-3.9847172968296825
7101.5625,-4.2900455312164905
7113.28125,-4.190428261722391
7125,-4.003654656494346
7136.71875,-4.034944501004255
7148.4375,-4.259126645488242
7160.15625,-4.550813266155224
7171.875,-4.9095012471649095
7183.59375,-5.2404844282402765
7195.3125,-5.2311739241711255
7207.03125,-5.38164797765408
7218.75,-5.363099748804295
7230.46875,-5.132619805115674
7242.1875,-5.193515484227966
7253.90625,-5.4252168647803884
7265.625,-5.467760665729325
7277.34375,-5.176096838439776
7289.0625,-5.197716035333164
7300.78125,-4.900917222372503
7312.5,-4.960555399587403
7324.21875,-4.718751368395456
7335.9375,-5.016811460088496
7347.65625,-4.370401095157591
7359.375,-4.54663970873607
7371.09375,-4.586142362091322
7382.8125,-4.798801666860837
7394.53125,-4.685676822149697
7406.25,-4.643114164592799
7417.96875,-4.827630180940749
7429.6875,-4.785520551601622
7441.40625,-5.155510169776587
7453.125,-5.389675122202057
7464.84375,-5.558966953741415
7476.5625,-5.494028490092542
7488.28125,-5.641552045787158
7500,-6.2632271634889305
7511.71875,-6.288573922304548
7523.4375,-6.036724374410954
7535.15625,-6.420298480171241
7546.875,-6.868711209277613
7558.59375,-6.221740693447277
7570.3125,-6.2151563570298665
7582.03125,-6.671096284399859
7593.75,-7.182622067704024
7605.46875,-7.578393578028847
7617.1875,-7.733434775764074
7628.90625,-7.73435024538726
7640.625,-7.70218357177653
7652.34375,-7.444165358779773
7664.0625,-7.513767427356461
7675.78125,-7.9684225257823815
7687.5,-7.865161029527668
7699.21875,-7.820678126255861
7710.9375,-7.933290660863525
7722.65625,-8.23196395886264
7734.375,-8.11884671382965
7746.09375,-8.549418100888724
7757.8125,-8.75208029513239
7769.53125,-8.989436001699273
7781.25,-9.084393888920124
7792.96875,-8.700077979285396
7804.6875,-8.766699622657807
7816.40625,-9.370350132023153
7828.125,-10.131243497106674
7839.84375,-10.137460660196657
7851.5625,-10.583965087412112
7863.28125,-11.021733086003929
7875,-11.358340308371961
7886.71875,-11.484731478602866
7898.4375,-11.213699149042302
7910.15625,-11.70578434285953
7921.875,-11.911127218041367
7933.59375,-11.925663753751177
7945.3125,-11.924258220551277
7957.03125,-12.3106866540223
7968.75,-12.740482835845823
7980.46875,-12.652809658131241
7992.1875,-11.64369400079578
8003.90625,-11.35819551614015
8015.625,-11.531475093680243
8027.34375,-11.229248527559674
8039.0625,-11.349704172504328
8050.78125,-11.618938249777933
8062.5,-11.688749826862942
8074.21875,-12.484664481030446
8085.9375,-12.93943007903233
8097.65625,-13.515003195051513
8109.375,-13.6803731850841
8121.09375,-13.494042047073853
8132.8125,-13.254138316665669
8144.53125,-13.03454583439393
8156.25,-12.664858755734636
8167.96875,-12.784189533955988
8179.6875,-13.1782032700151
8191.40625,-13.496248369478225
8203.125,-13.396529486663194
8214.84375,-13.354201834659243
8226.5625,-14.153060689613927
8238.28125,-14.478970845406394
8250,-15.025751622675664
8261.71875,-15.998031485873462
8273.4375,-16.125518993705
8285.15625,-16.38496834409113
8296.875,-16.493603279157057
8308.59375,-16.321166538440085
8320.3125,-17.0803343767823
8332.03125,-17.695500294749817
8343.75,-18.54986186823384
8355.46875,-19.115901219907123
8367.1875,-19.83903673322983
8378.90625,-20.74962592072017
8390.625,-21.485975290610867
8402.34375,-21.709764034178573
8414.0625,-21.086657789209422
8425.78125,-21.775124854489043
8437.5,-21.910361652808103
8449.21875,-20.443353296247032
8460.9375,-20.41312793603456
8472.65625,-20.916195741023415
8484.375,-21.528265768534713
8496.09375,-21.2921055293683
8507.8125,-21.80721948898816
8519.53125,-22.723072445897774
8531.25,-23.171939695441996
8542.96875,-21.22499265090825
8554.6875,-21.24127371489007
8566.40625,-21.311035530395074
8578.125,-21.313941414975726
8589.84375,-20.329631316542272
8601.5625,-20.42066535979732
8613.28125,-21.13111880587801
8625,-20.444515359207593
8636.71875,-20.088710422667575
8648.4375,-19.691448450975948
8660.15625,-18.40206309967105
8671.875,-18.484910657640018
8683.59375,-18.589556991501205
8695.3125,-18.11110639838947
8707.03125,-17.564728200617694
8718.75,-17.447622020798352
8730.46875,-17.936829231756857
8742.1875,-18.027679467348918
8753.90625,-17.852623932641418
8765.625,-17.663966066682057
8777.34375,-17.630566044730976
8789.0625,-17.41331604813274
8800.78125,-17.905256662654928
8812.5,-17.662069159201668
8824.21875,-17.098660606475935
8835.9375,-17.384002399140854
8847.65625,-17.645874287790903
8859.375,-18.149921738308333
8871.09375,-18.133508525103245
8882.8125,-17.927043665645417
8894.53125,-18.03926495473736
8906.25,-18.28432062934262
8917.96875,-18.16743097373719
8929.6875,-18.22005305406654
8941.40625,-17.512363544524415
8953.125,-18.275366269652075
8964.84375,-19.010060981024203
8976.5625,-19.457836407935268
8988.28125,-19.57239703749857
9000,-19.61206715627646
9011.71875,-20.583028204243902
9023.4375,-21.17664258334978
9035.15625,-20.16772012310242
9046.875,-19.564216550115574
9058.59375,-20.091198218410952
9070.3125,-20.17991091007346
9082.03125,-20.236391030628113
9093.75,-20.050307676160145
9105.46875,-19.57979125148283
9117.1875,-19.932296438257335
9128.90625,-19.783128621868126
9140.625,-19.890141801658622
9152.34375,-20.0117584632278
9164.0625,-20.75985054455383
9175.78125,-21.41344901207955
9187.5,-21.27009280901605
9199.21875,-21.14450123120999
9210.9375,-21.32213148977649
9222.65625,-21.579345666923988
9234.375,-21.756941757257987
9246.09375,-22.039478414752487
9257.8125,-22.230489166596463
9269.53125,-21.986222226488774
9281.25,-23.096769945342892
9292.96875,-23.369109349496817
9304.6875,-22.721077053945983
9316.40625,-22.129656463539582
9328.125,-22.562609182204984
9339.84375,-22.22368439633481
9351.5625,-21.682024522283584
9363.28125,-22.749661664290052
9375,-22.245152649424213
9386.71875,-21.358518510249517
9398.4375,-21.991619923475376
9410.15625,-22.63515428257751
9421.875,-22.435040879432155
9433.59375,-21.812310486531086
9445.3125,-22.730897149389815
9457.03125,-21.999608271876635
9468.75,-20.8055785197292
9480.46875,-20.727762911020182
9492.1875,-20.05877536664253
9503.90625,-19.415427139318414
9515.625,-19.021822026992492
9527.34375,-19.21831660834441
9539.0625,-19.19790632760289
9550.78125,-18.46504448675905
9562.5,-19.236761799951122
9574.21875,-21.077248614193582
9585.9375,-20.041879862310633
9597.65625,-19.054457081138807
9609.375,-19.927632530057593
9621.09375,-19.840519855261995
9632.8125,-18.97498822851072
9644.53125,-18.954992213846417
9656.25,-18.23662513161048
9667.96875,-18.19854456672989
9679.6875,-18.97179419220764
9691.40625,-18.769082738572035
9703.125,-17.874560493829566
9714.84375,-18.389429863001794
9726.5625,-18.76802447502376
9738.28125,-19.216057449449075
9750,-19.327382652243056
9761.71875,-20.282403675428327
9773.4375,-22.072763685649942
9785.15625,-21.651452727004962
9796.875,-22.420841150842847
9808.59375,-25.260490104477526
9820.3125,-26.14040574803449
9832.03125,-25.062031985100532
9843.75,-25.905488580485304
9855.46875,-26.135373353593756
9867.1875,-25.836764526872493
9878.90625,-24.272290278261906
9890.625,-25.247750777149932
9902.34375,-25.95429146288862
9914.0625,-24.729720449638258
9925.78125,-24.023454302013178
9937.5,-25.016494756930854
9949.21875,-24.971125540155654
9960.9375,-24.772525204282957
9972.65625,-24.604186982630992
9984.375,-24.876830982645757
9996.09375,-25.226608556527687
10007.8125,-25.1598996878812
10019.53125,-25.522004511328532
10031.25,-26.786192951730563
10042.96875,-26.250764604770993
10054.6875,-26.36730895318977
10066.40625,-26.303859779108993
10078.125,-26.794795450599054
10089.84375,-25.578116560966798
10101.5625,-24.602874662780696
10113.28125,-25.28769933970038
10125,-27.372493636945315
10136.71875,-27.330513803212426
10148.4375,-26.69966312781423
10160.15625,-26.100315330284523
10171.875,-25.839215924521458
10183.59375,-27.122188422271776
10195.3125,-27.55256934562858
10207.03125,-28.941068702449606
10218.75,-27.82936008913984
10230.46875,-26.73350273142256
10242.1875,-25.71180932896025
10253.90625,-25.91688200595085
10265.625,-27.838829207438028
10277.34375,-26.67104175638827
10289.0625,-26.74527894432465
10300.78125,-27.29456703556461
10312.5,-27.66186866911514
10324.21875,-28.83947690232167
10335.9375,-28.217780284635907
10347.65625,-27.883403172098326
10359.375,-29.26838399382798
10371.09375,-30.120741689701028
10382.8125,-32.60042675643836
10394.53125,-34.25378833282803
10406.25,-33.17346230656121
10417.96875,-32.16045434770007
10429.6875,-33.14031423079805
10441.40625,-32.759395741443136
10453.125,-33.07376099712659
10464.84375,-32.169518757889406
10476.5625,-30.975219648427313
10488.28125,-32.65427967738289
10500,-33.72041255875358
10511.71875,-34.08079244740394
10523.4375,-32.93080608085332
10535.15625,-33.64869325582737
10546.875,-35.772004172035444
10558.59375,-36.086821321193185
10570.3125,-35.584182621078156
10582.03125,-36.37565717344536
10593.75,-34.519941859256875
10605.46875,-34.7707115364571
10617.1875,-35.075350709581805
10628.90625,-33.48574966717743
10640.625,-33.3759953386182
10652.34375,-33.660970819218605
10664.0625,-33.82385773844267
10675.78125,-35.000924471249355
10687.5,-35.83504689961838
10699.21875,-39.34568136504694
10710.9375,-40.86723323890016
10722.65625,-39.53705412956773
10734.375,-35.86162066737089
10746.09375,-31.967337053489903
10757.8125,-30.666122016440248
10769.53125,-30.791777665066313
10781.25,-30.899825438571483
10792.96875,-30.148971876252013
10804.6875,-30.472297875864296
10816.40625,-30.181041955253228
10828.125,-29.47425319739456
10839.84375,-29.935454970826267
10851.5625,-30.342750897748175
10863.28125,-28.999891224646568
10875,-28.082695017283243
10886.71875,-27.67464214858016
10898.4375,-26.79697715662809
10910.15625,-26.637259663908296
10921.875,-26.335760865208762
10933.59375,-25.562876008210832
10945.3125,-25.760836639498844
10957.03125,-25.94716150786279
10968.75,-25.040899473374406
10980.46875,-24.296749247778223
10992.1875,-24.208067584330017
11003.90625,-24.20175123909818
11015.625,-24.110230877128473
11027.34375,-24.156826945602255
11039.0625,-23.812840743984587
11050.78125,-23.739888083207425
11062.5,-23.394990723738932
11074.21875,-23.232060982781416
11085.9375,-22.905378288925355
11097.65625,-23.13812783073832
11109.375,-23.308984572651788
11121.09375,-23.18952958101913
11132.8125,-23.01807763656047
11144.53125,-22.70771840172401
11156.25,-22.86097385757258
11167.96875,-23.006640203300236
11179.6875,-23.003452549112776
11191.40625,-23.67844834519065
11203.125,-23.79541732391241
11214.84375,-23.400975235186152
11226.5625,-23.578178337467914
11238.28125,-23.850904699203813
11250,-23.668600207891895
11261.71875,-23.938385096159188
11273.4375,-23.965181591993545
11285.15625,-23.734651352786635
11296.875,-23.751556506875687
11308.59375,-23.513091853822093
11320.3125,-23.55546071934064
11332.03125,-24.10027335682441
11343.75,-24.487729616826257
11355.46875,-24.67898736975399
11367.1875,-24.71484867367392
11378.90625,-24.776479580768196
11390.625,-24.760002171359638
11402.34375,-24.961670609181784
11414.0625,-25.08590125257301
11425.78125,-25.64043726981501
11437.5,-26.486852954480845
11449.21875,-26.74039442572351
11460.9375,-27.078018896160827
11472.65625,-27.843756442606818
11484.375,-28.43368070369077
11496.09375,-29.88648048805829
11507.8125,-31.842480643419773
11519.53125,-33.276667552754276
11531.25,-33.85650321569212
11542.96875,-35.65250855150723
11554.6875,-36.030285140581746
11566.40625,-33.66852963650611
11578.125,-33.45308155428693
11589.84375,-33.34299193068118
11601.5625,-33.6371907790241
11613.28125,-35.503132030189526
11625,-40.14876073097114
11636.71875,-40.74000388811832
11648.4375,-38.95077878091428
11660.15625,-38.13116871846213
11671.875,-36.693295526050875
11683.59375,-35.07345264707274
11695.3125,-33.15072277283682
11707.03125,-32.736399057561584
11718.75,-32.25385391427153
11730.46875,-31.130331632844637
11742.1875,-30.146202636057527
11753.90625,-30.18745233918169
11765.625,-29.790687214776156
11777.34375,-29.520354020848416
11789.0625,-29.353156941854163
11800.78125,-30.089071271396556
11812.5,-31.29034491333263
11824.21875,-31.84671421528261
11835.9375,-32.99433454512263
11847.65625,-33.77111742134669
11859.375,-33.33014505719964
11871.09375,-34.21968662219769
11882.8125,-34.54840270639673
11894.53125,-34.38442414570903
11906.25,-34.07194196590083
11917.96875,-31.810925086681294
11929.6875,-30.856843768349304
11941.40625,-30.485690574610757
11953.125,-30.39944584852483
11964.84375,-30.51123539037983
11976.5625,-30.36799387133842
11988.28125,-30.791591541336913
12000,-30.787716914170748
12011.71875,-30.21948077953634
12023.4375,-29.685449278467992
12035.15625,-28.944508298598116
12046.875,-28.576952290025943
12058.59375,-28.221265404508667
12070.3125,-28.067483458054518
12082.03125,-27.69089273336244
12093.75,-27.74234739826245
12105.46875,-27.49922862469001
12117.1875,-27.656042647021025
12128.90625,-27.939318865514586
12140.625,-27.902721296071597
12152.34375,-28.295986258133773
12164.0625,-27.825346357731497
12175.78125,-28.003807368352092
12187.5,-28.042257649272265
12199.21875,-27.411307526998115
12210.9375,-26.987901947546607
12222.65625,-26.914288936046596
12234.375,-26.864610450313652
12246.09375,-26.88711081504692
12257.8125,-26.93154254264753
12269.53125,-27.155948835578826
12281.25,-27.333464833684143
12292.96875,-27.121951989729318
12304.6875,-26.55065321299306
12316.40625,-26.756657617783016
12328.125,-26.60944185550268
12339.84375,-25.929161391441156
12351.5625,-25.92688589571507
12363.28125,-25.754119943814974
12375,-25.757953723610044
12386.71875,-26.07729176201171
12398.4375,-26.6999598672222
12410.15625,-27.09946691129156
12421.875,-26.95437472888854
12433.59375,-27.73123254455422
12445.3125,-27.833470923723617
12457.03125,-28.613613029315857
12468.75,-29.599425178516775
12480.46875,-29.564991581395628
12492.1875,-30.60392833069625
12503.90625,-31.81072449248504
12515.625,-31.864824046984623
12527.34375,-32.24640371815433
12539.0625,-32.628613360868364
12550.78125,-32.90020137429957
12562.5,-32.81663420341851
12574.21875,-32.95352478193723
12585.9375,-33.43595385102675
12597.65625,-33.29812805743347
12609.375,-32.31900862591858
12621.09375,-32.30815841533507
12632.8125,-33.13762125206259
12644.53125,-33.470069820856416
12656.25,-33.74928682179705
12667.96875,-33.51805098319596
12679.6875,-34.181541842930486
12691.40625,-34.90456129349334
12703.125,-34.92294495213241
12714.84375,-34.916319580835015
12726.5625,-34.86239200295228
12738.28125,-37.07875628863229
12750,-40.20906649035324
12761.71875,-39.52413237184365
12773.4375,-40.2154352252137
12785.15625,-38.57017219535465
12796.875,-38.70718199503354
12808.59375,-39.226867572863945
12820.3125,-38.532694443277066
12832.03125,-38.571549686984675
12843.75,-39.12499818694572
12855.46875,-37.97101610517202
12867.1875,-36.95686907352504
12878.90625,-37.29347733882891
12890.625,-37.57601952730406
12902.34375,-35.751120624204354
12914.0625,-35.2964096787082
12925.78125,-35.74697011977406
12937.5,-35.68758952792536
12949.21875,-35.4174979630117
12960.9375,-35.745244503213364
12972.65625,-35.50872969039684
12984.375,-34.94764599714913
12996.09375,-33.58590310576549
13007.8125,-33.536166101305454
13019.53125,-32.997338085823166
13031.25,-33.02242924549428
13042.96875,-33.361299576644015
13054.6875,-33.62778300131602
13066.40625,-33.146680290019454
13078.125,-33.93023957864504
13089.84375,-33.508172589777665
13101.5625,-33.138235752624894
13113.28125,-33.56923801117256
13125,-32.67621124996544
13136.71875,-32.742593711193216
13148.4375,-33.08419032861624
13160.15625,-33.22957721296389
13171.875,-32.797312608520556
13183.59375,-33.35517358040655
13195.3125,-34.485037500947506
13207.03125,-34.44534623995943
13218.75,-34.86925451225164
13230.46875,-36.24876116788463
13242.1875,-37.36844159444783
13253.90625,-38.9220409674499
13265.625,-41.59542159293715
13277.34375,-42.48862577025126
13289.0625,-42.64562220061894
13300.78125,-42.87973212822586
13312.5,-42.01870388378573
13324.21875,-41.267955736712054
13335.9375,-40.35953980223294
13347.65625,-39.19402381962186
13359.375,-39.29700440808817
13371.09375,-38.111827161678576
13382.8125,-36.68854576497559
13394.53125,-36.16941116990563
13406.25,-36.19177042461534
13417.96875,-35.727572224884824
13429.6875,-34.973669824975836
13441.40625,-33.801006188994755
13453.125,-33.78033116880448
13464.84375,-34.40920202169846
13476.5625,-34.248366241187696
13488.28125,-33.669813529493254
13500,-34.59850393272103
13511.71875,-33.518146718553375
13523.4375,-32.49815480926168
13535.15625,-32.66229841311659
13546.875,-32.71207661370458
13558.59375,-32.023625023923444
13570.3125,-31.74300799265521
13582.03125,-31.454863326700657
13593.75,-31.9983862240557
13605.46875,-32.5501305579759
13617.1875,-32.02700443821698
13628.90625,-32.59377624708584
13640.625,-32.97404702209216
13652.34375,-33.30007296344791
13664.0625,-33.709646292772604
13675.78125,-34.3130726012177
13687.5,-36.46974527461251
13699.21875,-37.126427228863534
13710.9375,-35.690622656291225
13722.65625,-37.0795144401136
13734.375,-37.45562499160597
13746.09375,-38.07407705452249
13757.8125,-37.375244038128244
13769.53125,-38.61554400084797
13781.25,-40.325227277371944
13792.96875,-40.35539524937221
13804.6875,-39.54115648052928
13816.40625,-40.59611130799213
13828.125,-39.6125050036244
13839.84375,-37.524471001901944
13851.5625,-37.58704463226929
13863.28125,-37.45137024655515
13875,-35.37814721752802
13886.71875,-34.66557180003853
13898.4375,-33.64376583909706
13910.15625,-33.7182918490669
13921.875,-33.54069209086297
13933.59375,-32.24907390534061
13945.3125,-32.13996271512168
13957.03125,-31.679712189407347
13968.75,-30.77686619712955
13980.46875,-30.352250826488408
13992.1875,-29.9695401061267
14003.90625,-29.789878746197402
14015.625,-29.598239040448565
14027.34375,-28.864228016711326
14039.0625,-28.958790706087782
14050.78125,-29.109970243968817
14062.5,-29.037998322060183
14074.21875,-28.55526437690745
14085.9375,-28.18574430876046
14097.65625,-28.324196790509966
14109.375,-28.371606865742635
14121.09375,-28.157573500395063
14132.8125,-28.449533857157256
14144.53125,-28.78474560962498
14156.25,-28.32312159518798
14167.96875,-28.217261405686124
14179.6875,-28.597790175984436
14191.40625,-28.350932960522574
14203.125,-28.221522111267685
14214.84375,-28.451086485380426
14226.5625,-28.01557602338041
14238.28125,-28.137690366395127
14250,-28.036460606275398
14261.71875,-27.851264480164225
14273.4375,-27.177844952023406
14285.15625,-26.954306591604023
14296.875,-26.72187299259923
14308.59375,-26.460624755916562
14320.3125,-26.40312003583744
14332.03125,-26.46868852829991
14343.75,-26.42317685346478
14355.46875,-26.326866612394383
14367.1875,-26.480810487541664
14378.90625,-26.8152290042869
14390.625,-26.907955570040425
14402.34375,-27.25664403087255
14414.0625,-27.420877365146517
14425.78125,-27.484363130415236
14437.5,-27.48909778110276
14449.21875,-27.600163810686688
14460.9375,-27.481242005874847
14472.65625,-27.504225001068843
14484.375,-28.254051825783876
14496.09375,-28.159903882313735
14507.8125,-28.79647997652208
14519.53125,-29.649232300197895
14531.25,-29.78946923686646
14542.96875,-30.550776135473285
14554.6875,-30.603611590840703
14566.40625,-30.60708214399375
14578.125,-30.92138281397159
14589.84375,-30.967990363532643
14601.5625,-31.272109895568036
14613.28125,-32.05312458808849
14625,-32.819545632705804
14636.71875,-34.130743809811
14648.4375,-33.89693822969758
14660.15625,-33.335765656719936
14671.875,-33.34496641598495
14683.59375,-33.11756003235265
14695.3125,-32.90184805868741
14707.03125,-33.80787879706829
14718.75,-34.57299782131479
14730.46875,-35.28969242605085
14742.1875,-34.895409509429776
14753.90625,-36.331339929491776
14765.625,-37.59470044629246
14777.34375,-37.139541109389846
14789.0625,-40.86418748564132
14800.78125,-47.71470873837755
14812.5,-47.161829791722276
14824.21875,-46.22843563846644
14835.9375,-46.88051298138417
14847.65625,-46.54314778864902
14859.375,-43.85049212326274
14871.09375,-43.47134346015995
14882.8125,-43.29999123594454
14894.53125,-40.14853896028043
14906.25,-39.30674332929689
14917.96875,-38.88415141749425
14929.6875,-37.22612094384151
14941.40625,-36.31273010851808
14953.125,-38.30079461728022
14964.84375,-38.50887809508943
14976.5625,-38.26400946862136
14988.28125,-36.647517532076726
15000,-35.174456078803075
15011.71875,-33.79903790717015
15023.4375,-32.82973719092232
15035.15625,-31.96500500819898
15046.875,-30.624302234644297
15058.59375,-29.991138353159883
15070.3125,-29.68377240188172
15082.03125,-29.73581374776071
15093.75,-28.961438035316014
15105.46875,-28.465300246780764
15117.1875,-28.391279310686485
15128.90625,-28.20633767505406
15140.625,-27.84417277314418
15152.34375,-27.502278006211156
15164.0625,-27.947202659401484
15175.78125,-28.744504616675176
15187.5,-28.317201317414202
15199.21875,-28.50342537165514
15210.9375,-28.93669867170802
15222.65625,-28.81089387409297
15234.375,-28.918681471252388
15246.09375,-29.30753966461713
15257.8125,-29.919472768321512
15269.53125,-30.13115494307202
15281.25,-30.03631396924851
15292.96875,-29.788093555686217
15304.6875,-29.673294631060514
15316.40625,-29.320496188778392
15328.125,-29.01038601696083
15339.84375,-28.76658529365684
15351.5625,-29.323348639913913
15363.28125,-29.459055933565878
15375,-29.18986815363715
15386.71875,-28.257316485105925
15398.4375,-28.34911544348685
15410.15625,-28.420393187345585
15421.875,-27.873336874293404
15433.59375,-27.4986898676028
15445.3125,-27.321180766651246
15457.03125,-27.440052694311525
15468.75,-27.082462622215854
15480.46875,-26.949358314580294
15492.1875,-27.828320815057946
15503.90625,-27.67609552704558
15515.625,-27.653963467733508
15527.34375,-28.099560116957253
15539.0625,-28.199338057669003
15550.78125,-27.944384844092355
15562.5,-27.604366406068095
15574.21875,-28.331857963567096
15585.9375,-28.068657487879594
15597.65625,-28.07519162919428
15609.375,-28.496664739838984
15621.09375,-28.747049353687384
15632.8125,-28.442354706682515
15644.53125,-28.51771872772752
15656.25,-28.671349024373377
15667.96875,-28.964398897571453
15679.6875,-29.486338544391675
15691.40625,-30.41350389053644
15703.125,-30.58447360068067
15714.84375,-30.655655625984263
15726.5625,-31.281376583367194
15738.28125,-31.316064651689324
15750,-31.196104500331305
15761.71875,-30.535298603730986
15773.4375,-29.81986372677351
15785.15625,-29.393571445107906
15796.875,-28.89156677174868
15808.59375,-28.58895554757641
15820.3125,-28.674322842687285
15832.03125,-28.647464575631922
15843.75,-28.88196889498269
15855.46875,-28.93523819324416
15867.1875,-28.656022607409113
15878.90625,-28.286409152644218
15890.625,-28.052157589808267
15902.34375,-27.95373369276666
15914.0625,-27.644228343362617
15925.78125,-27.044707427272456
15937.5,-27.031482799681964
15949.21875,-26.644199219040416
15960.9375,-26.056455665806727
15972.65625,-26.03365817634831
15984.375,-26.35975485796759
15996.09375,-26.33323333775694
16007.8125,-26.077306674574032
16019.53125,-26.115241922352794
16031.25,-26.086040609925373
16042.96875,-25.75863864241542
16054.6875,-25.613312563596182
16066.40625,-25.86016035664926
16078.125,-25.52144460244442
16089.84375,-25.074216745266057
16101.5625,-25.201426843239894
16113.28125,-25.40587086787152
16125,-25.398475256573416
16136.71875,-25.599272556859113
16148.4375,-25.718473463167083
16160.15625,-25.710290350191617
16171.875,-25.723445681601124
16183.59375,-25.890795264186053
16195.3125,-25.794438656134176
16207.03125,-25.623628069983248
16218.75,-25.720111287232278
16230.46875,-25.492832576700714
16242.1875,-25.191266584818045
16253.90625,-25.274681414120053
16265.625,-25.17534879079477
16277.34375,-24.882317382707207
16289.0625,-24.83344978904798
16300.78125,-24.635635884831114
16312.5,-24.408902356365296
16324.21875,-24.394493654118328
16335.9375,-24.519511711606214
16347.65625,-24.384493017861306
16359.375,-24.094790913029264
16371.09375,-24.0323337493296
16382.8125,-24.18655932655288
16394.53125,-24.06975680926429
16406.25,-23.82460025293622
16417.96875,-23.723876638336332
16429.6875,-23.717776843930515
16441.40625,-23.689006951760902
16453.125,-23.50693532176948
16464.84375,-23.58472074429362
16476.5625,-23.63184897713574
16488.28125,-23.61923182915816
16500,-23.536027965518475
16511.71875,-23.44936865548165
16523.4375,-23.472775264245303
16535.15625,-23.377936979062028
16546.875,-23.317344007448938
16558.59375,-23.4337492817559
16570.3125,-23.63628896866406
16582.03125,-23.707571286711023
16593.75,-23.896367484966326
16605.46875,-23.975097721115837
16617.1875,-24.26093007463519
16628.90625,-24.704092500705
16640.625,-24.862757554438268
16652.34375,-24.976602164134967
16664.0625,-25.142878603004043
16675.78125,-25.240253472869817
16687.5,-25.179754826445055
16699.21875,-25.20297896012832
16710.9375,-25.588225540467874
16722.65625,-25.773852137883107
16734.375,-25.70223775502494
16746.09375,-25.857718460404655
16757.8125,-26.091902649038584
16769.53125,-25.982302659309283
16781.25,-26.00566497448295
16792.96875,-26.12093804662793
16804.6875,-26.693819997001643
16816.40625,-26.767971241182718
16828.125,-26.944884750050914
16839.84375,-27.249127583531035
16851.5625,-27.79567896213038
16863.28125,-28.031888524569652
16875,-28.704684130213654
16886.71875,-29.558744993639348
16898.4375,-30.460525389250336
16910.15625,-30.820978278462707
16921.875,-30.849960896155537
16933.59375,-31.377506358458035
16945.3125,-31.26113226233713
16957.03125,-31.04076682731556
16968.75,-31.521480932356184
16980.46875,-32.074451732087205
16992.1875,-32.03263396084979
17003.90625,-31.977422112743106
17015.625,-32.26726299181569
17027.34375,-32.72182003092566
17039.0625,-32.78785672239829
17050.78125,-32.40743301937554
17062.5,-32.575247100108605
17074.21875,-32.44011058455275
17085.9375,-32.42507239998199
17097.65625,-32.28188598991088
17109.375,-32.30414762464983
17121.09375,-32.79612677273712
17132.8125,-32.590012260920496
17144.53125,-32.41214257343468
17156.25,-32.58881736431283
17167.96875,-32.67533486051065
17179.6875,-32.33395451633195
17191.40625,-32.75296965687403
17203.125,-33.056410170063714
17214.84375,-32.843756092909615
17226.5625,-32.68813825086369
17238.28125,-32.95973810602946
17250,-32.816773653922205
17261.71875,-33.16976001415545
17273.4375,-33.45960191195752
17285.15625,-33.47255028745082
17296.875,-34.02479947721394
17308.59375,-34.13069058785249
17320.3125,-33.85630847878259
17332.03125,-34.09492871594463
17343.75,-33.85005602859276
17355.46875,-33.53582482246252
17367.1875,-33.490605098772775
17378.90625,-33.661142705789224
17390.625,-33.953091573834286
17402.34375,-34.042691867952215
17414.0625,-34.21324936213831
17425.78125,-34.298633339400084
17437.5,-34.27666695378853
17449.21875,-34.151219086169576
17460.9375,-34.227375795347285
17472.65625,-34.27323344831551
17484.375,-34.273637303977395
17496.09375,-34.22156187791876
17507.8125,-34.05542688755013
17519.53125,-34.09945879307757
17531.25,-34.12129399299482
17542.96875,-33.97645734625107
17554.6875,-33.90659134546558
17566.40625,-33.96477054303227
17578.125,-33.77221953652105
17589.84375,-33.85891324563786
17601.5625,-33.973556563988126
17613.28125,-34.23625548769004
17625,-33.91612279216907
17636.71875,-33.69337598897609
17648.4375,-33.71724676406552
17660.15625,-34.08973205874297
17671.875,-34.258137525199885
17683.59375,-34.17226354477706
17695.3125,-34.63739917871228
17707.03125,-34.26105827535544
17718.75,-34.30424872647271
17730.46875,-34.865869931089286
17742.1875,-35.02775446780886
17753.90625,-34.468822903291176
17765.625,-34.091995310872385
17777.34375,-34.2171994356802
17789.0625,-34.01378601291719
17800.78125,-33.71701287267542
17812.5,-33.38738790075848
17824.21875,-33.42037857252586
17835.9375,-33.2145687444461
17847.65625,-33.12090965679654
17859.375,-33.119112280241666
17871.09375,-33.43015220154973
17882.8125,-33.76051494360564
17894.53125,-34.04621913994437
17906.25,-34.486825270607326
17917.96875,-34.85417774814281
17929.6875,-35.10722097429928
17941.40625,-35.425899788767616
17953.125,-35.58380677268516
17964.84375,-36.79843781698387
17976.5625,-37.15040792872517
17988.28125,-37.46479217884123
18000,-37.16081175192419
18011.71875,-37.316781670422856
18023.4375,-37.635754000458036
18035.15625,-37.97016932092762
18046.875,-38.61215012919586
18058.59375,-38.77553628081226
18070.3125,-38.25367205617684
18082.03125,-38.00090355649595
18093.75,-38.529916265510344
18105.46875,-38.592487430192534
18117.1875,-39.01092438068923
18128.90625,-39.95943302219147
18140.625,-40.71859779035545
18152.34375,-40.911274107188554
18164.0625,-41.32996100689941
18175.78125,-41.575339738760036
18187.5,-42.00252531261286
18199.21875,-42.229738788963914
18210.9375,-43.05478223467446
18222.65625,-43.08626680012235
18234.375,-43.39058421313483
18246.09375,-43.52564381808727
18257.8125,-43.91591656401861
18269.53125,-43.48082874618551
18281.25,-44.21375516465139
18292.96875,-46.21005221885956
18304.6875,-46.983304117278884
18316.40625,-46.55879811091228
18328.125,-49.998148837267806
18339.84375,-51.155886701575575
18351.5625,-50.99975865321304
18363.28125,-52.82770931252883
18375,-51.99584641409202
18386.71875,-50.93787458060396
18398.4375,-48.994087869284144
18410.15625,-47.726739808986636
18421.875,-45.61170905220625
18433.59375,-44.11497977815568
18445.3125,-43.47215816425775
18457.03125,-43.03767771417971
18468.75,-42.43949402152144
18480.46875,-41.79327594598503
18492.1875,-41.09168179634156
18503.90625,-40.80996328171605
18515.625,-39.79186939235233
18527.34375,-40.0103229522426
18539.0625,-39.5670127045656
18550.78125,-39.01651863459663
18562.5,-38.676111344045204
18574.21875,-38.48714811713444
18585.9375,-38.17445965783469
18597.65625,-38.01423504986169
18609.375,-37.7466221898391
18621.09375,-37.54785240806197
18632.8125,-37.30719373750722
18644.53125,-37.43898638348342
18656.25,-37.45730099199568
18667.96875,-37.49641909721963
18679.6875,-37.50680196315075
18691.40625,-37.636437952362385
18703.125,-37.870379741008875
18714.84375,-37.796957596342814
18726.5625,-37.81677604267151
18738.28125,-37.896353031665306
18750,-37.79364550105602
18761.71875,-38.09875407154039
18773.4375,-37.90140718713197
18785.15625,-37.80435526563027
18796.875,-37.901078752098854
18808.59375,-38.01162544873248
18820.3125,-38.16540340719804
18832.03125,-37.91356751193896
18843.75,-37.82069182238498
18855.46875,-38.139161124774624
18867.1875,-38.141903709453445
18878.90625,-38.08685234372056
18890.625,-38.293743084820775
18902.34375,-38.17940070530527
18914.0625,-38.13038137121497
18925.78125,-38.27780937058985
18937.5,-38.0456759282892
18949.21875,-38.10364644450249
18960.9375,-37.92844410750094
18972.65625,-38.06548311327625
18984.375,-38.16104974955502
18996.09375,-38.06307384500073
19007.8125,-38.25472335282655
19019.53125,-38.120085552961356
19031.25,-38.25554413163133
19042.96875,-38.31136804412119
19054.6875,-38.18722230745388
19066.40625,-38.53047122525331
19078.125,-38.59789170709003
19089.84375,-38.84925462446952
19101.5625,-39.0063894427964
19113.28125,-39.17050205079675
19125,-39.057803080034994
19136.71875,-39.35943243950461
19148.4375,-39.35724681402389
19160.15625,-39.50312699666973
19171.875,-39.88557960696046
19183.59375,-40.664239340422355
19195.3125,-41.27420285882465
19207.03125,-41.89272459481558
19218.75,-42.95339125942797
19230.46875,-43.78743555333348
19242.1875,-44.59001714181344
19253.90625,-45.21140138183428
19265.625,-46.00048917349042
19277.34375,-45.83994954677187
19289.0625,-46.032587085549835
19300.78125,-46.701740366096146
19312.5,-47.467991929922064
19324.21875,-48.678484478964236
19335.9375,-50.851391653714046
19347.65625,-51.45274076755687
19359.375,-53.21665423961512
19371.09375,-53.280729813288836
19382.8125,-54.823571582931656
19394.53125,-55.66549206623395
19406.25,-58.06710100215103
19417.96875,-57.50976226623463
19429.6875,-55.330677863712566
19441.40625,-53.356622984057736
19453.125,-52.68652315965345
19464.84375,-52.725714327252106
19476.5625,-52.27760798700088
19488.28125,-52.39342159202275
19500,-50.74881128122492
19511.71875,-49.55770763600516
19523.4375,-48.44618778721629
19535.15625,-46.788885923882184
19546.875,-45.18267774445678
19558.59375,-44.3930337647513
19570.3125,-43.61086579212835
19582.03125,-42.74568776347439
19593.75,-42.00801588950834
19605.46875,-41.55527791030603
19617.1875,-41.1005884665838
19628.90625,-40.79560387115278
19640.625,-40.42862016334276
19652.34375,-40.37223913447306
19664.0625,-40.14389984797581
19675.78125,-39.64815420382016
19687.5,-39.60011673857619
19699.21875,-39.585960026693606
19710.9375,-39.53248495058293
19722.65625,-39.463080074353826
19734.375,-39.23378931690745
19746.09375,-38.777353132550274
19757.8125,-38.422432295150074
19769.53125,-38.23159842392393
19781.25,-38.23622278932052
19792.96875,-38.40951793415097
19804.6875,-38.8056024209331
19816.40625,-39.3462366692504
19828.125,-39.30168893950404
19839.84375,-39.225359665665444
19851.5625,-39.38037027827515
19863.28125,-39.4500116115917
19875,-39.886051473516254
19886.71875,-39.94045556761036
19898.4375,-39.97037483540453
19910.15625,-39.980981226574755
19921.875,-39.918622624166055
19933.59375,-39.86692280074379
19945.3125,-39.783990980718166
19957.03125,-40.16195297525621
19968.75,-40.48919832003273
19980.46875,-40.72184252872084
19992.1875,-41.13369713665023
20003.90625,-40.82752785364619
20015.625,-40.400945180237755
20027.34375,-40.45066165103185
20039.0625,-40.36129176176583
20050.78125,-40.21075901553537
20062.5,-39.90825715398951
20074.21875,-39.47856591551611
20085.9375,-39.4222667837117
20097.65625,-39.273320526918454
20109.375,-39.162311583965796
20121.09375,-39.11695892917932
20132.8125,-39.15763997243688
20144.53125,-39.19393724368187
20156.25,-39.11466944906945
20167.96875,-39.17912730134727
20179.6875,-39.196408448196365
20191.40625,-38.95158216640475
20203.125,-38.792187643817954
20214.84375,-38.94862903876293
20226.5625,-39.20507627776168
20238.28125,-39.369517346716236
20250,-39.8856127782812
20261.71875,-40.13447440224865
20273.4375,-40.11035853258514
20285.15625,-39.96977934535008
20296.875,-40.16552808593425
20308.59375,-40.25041187939175
20320.3125,-40.17645759206775
20332.03125,-40.09616129837148
20343.75,-40.1718306131375
20355.46875,-40.385268920067475
20367.1875,-40.24460742773583
20378.90625,-40.321624592894295
20390.625,-40.712979099025276
20402.34375,-40.948591152074265
20414.0625,-41.05162843263614
20425.78125,-41.07738138055235
20437.5,-41.05985416348875
20449.21875,-40.80088707806223
20460.9375,-40.26688345657759
20472.65625,-39.459110774636585
20484.375,-39.27075711809696
20496.09375,-38.873879125305805
20507.8125,-38.32392343553528
20519.53125,-38.295069156982755
20531.25,-38.22612771079236
20542.96875,-38.18038731989932
20554.6875,-38.10269984146933
20566.40625,-37.98172878404139
20578.125,-38.09940467370209
20589.84375,-38.09852221480994
20601.5625,-38.16844746773426
20613.28125,-38.3018598104592
20625,-38.43948279876229
20636.71875,-38.709927241277825
20648.4375,-39.21212704679185
20660.15625,-39.62488207682609
20671.875,-39.9410294200171
20683.59375,-40.27510003650637
20695.3125,-40.67450898272233
20707.03125,-41.09522359339871
20718.75,-40.93074094482665
20730.46875,-40.56168261308763
20742.1875,-40.366732675672466
20753.90625,-40.882014444263376
20765.625,-41.12720020629193
20777.34375,-41.14605526807313
20789.0625,-41.613725401593946
20800.78125,-41.98013999376804
20812.5,-41.7833473562035
20824.21875,-41.67530179311762
20835.9375,-42.08935582474141
20847.65625,-42.42950567482238
20859.375,-42.479955066402425
20871.09375,-42.390471578295184
20882.8125,-42.64006946966575
20894.53125,-42.10196243098255
20906.25,-42.31064323831146
20917.96875,-42.261306316695496
20929.6875,-41.96773336732426
20941.40625,-41.8078510803996
20953.125,-42.574270114543616
20964.84375,-43.093230643595994
20976.5625,-43.35267739273836
20988.28125,-44.27881050925567
21000,-45.08587694510148
21011.71875,-45.515529601818805
21023.4375,-45.77429327277717
21035.15625,-45.407100076044756
21046.875,-45.42352120252887
21058.59375,-45.556712661516976
21070.3125,-45.291078323894794
21082.03125,-45.249834112835636
21093.75,-45.81413365899753
21105.46875,-46.815231762807855
21117.1875,-46.660827008904285
21128.90625,-47.019057245272606
21140.625,-47.34094007897358
21152.34375,-47.5223317334066
21164.0625,-46.88309294296754
21175.78125,-46.60905167751116
21187.5,-46.380964851835
21199.21875,-47.18197377393018
21210.9375,-46.69758783656172
21222.65625,-44.807209749156996
21234.375,-44.15154224026427
21246.09375,-44.005688665956356
21257.8125,-42.42570699763612
21269.53125,-41.59842814236789
21281.25,-41.64823407212205
21292.96875,-41.22776986565974
21304.6875,-40.06931673400835
21316.40625,-39.26396255562406
21328.125,-38.9369081836873
21339.84375,-38.144379791175226
21351.5625,-37.459991876954874
21363.28125,-37.17485183929586
21375,-37.052657815864606
21386.71875,-36.77850833354863
21398.4375,-36.289595021141494
21410.15625,-35.73550714209568
21421.875,-35.74609787197234
21433.59375,-35.54783149480001
21445.3125,-35.242154721542114
21457.03125,-35.27440895757779
21468.75,-35.113444293500706
21480.46875,-34.76148700275806
21492.1875,-34.56072087002311
21503.90625,-34.442485240265206
21515.625,-34.45189483834578
21527.34375,-34.27476762482461
21539.0625,-34.01712055632834
21550.78125,-33.918414944076154
21562.5,-33.795471982552954
21574.21875,-33.64279491501772
21585.9375,-33.68227278553106
21597.65625,-33.668777797450275
21609.375,-33.424393742515896
21621.09375,-33.33587435990133
21632.8125,-33.14444102868272
21644.53125,-33.09047390365579
21656.25,-33.07359496986424
21667.96875,-32.94610633722564
21679.6875,-32.94321045199253
21691.40625,-33.04890638646802
21703.125,-32.765948717190064
21714.84375,-32.71356611179979
21726.5625,-32.73409724771643
21738.28125,-32.77356009811773
21750,-32.905509698325595
21761.71875,-33.006990334093295
21773.4375,-32.959370867277805
21785.15625,-32.846154190582766
21796.875,-32.8957453808632
21808.59375,-33.04673151709943
21820.3125,-33.34468354785054
21832.03125,-33.647505796104724
21843.75,-33.71410766979652
21855.46875,-33.820494290793405
21867.1875,-34.07074401674287
21878.90625,-34.14407595176112
21890.625,-34.324610451365345
21902.34375,-34.691846104820634
21914.0625,-34.775046945045375
21925.78125,-34.59812830720453
21937.5,-34.6452329091995
21949.21875,-34.68434830848489
21960.9375,-34.840328076571396
21972.65625,-34.90235962938853
21984.375,-34.8118645042816
21996.09375,-34.714712535040206
22007.8125,-34.52205921422073
22019.53125,-34.61766057339761
22031.25,-34.65683216214848
22042.96875,-34.336835307471134
22054.6875,-33.970876950262635
22066.40625,-33.7197353497103
22078.125,-33.46623326730012
22089.84375,-33.036005427519896
22101.5625,-32.6790128214003
22113.28125,-32.630001860178645
22125,-32.26138793143734
22136.71875,-31.967343288890806
22148.4375,-32.01177502823941
22160.15625,-31.824342361830883
22171.875,-31.51858690708167
22183.59375,-31.465885312430242
22195.3125,-31.467800351718964
22207.03125,-31.323369594084642
22218.75,-31.150966192178636
22230.46875,-31.37464730739226
22242.1875,-31.37689564380426
22253.90625,-31.256645801257225
22265.625,-31.091477810146912
22277.34375,-31.342770802764328
22289.0625,-31.789434273271123
22300.78125,-32.032033555910715
22312.5,-32.27484226568679
22324.21875,-32.73800490734418
22335.9375,-33.11323647977606
22347.65625,-33.44967157699631
22359.375,-33.68165493460194
22371.09375,-34.14829542422285
22382.8125,-34.20027796058674
22394.53125,-34.220857423778064
22406.25,-34.26150127296051
22417.96875,-34.36275635487854
22429.6875,-34.14522154257795
22441.40625,-34.0721063692703
22453.125,-33.96777301977232
22464.84375,-33.574185637870706
22476.5625,-32.88855967239282
22488.28125,-31.760877736607593
22500,-30.804715995271916
22511.71875,-29.7132741050892
22523.4375,-28.336836350722105
22535.15625,-27.04048332244701
22546.875,-26.103534085391264
22558.59375,-25.03805771267615
22570.3125,-23.93161533398782
22582.03125,-23.119721678611
22593.75,-22.561244387694238
22605.46875,-21.880751118719882
22617.1875,-21.245278472965392
22628.90625,-20.92406292928777
22640.625,-20.663740992886453
22652.34375,-20.352909243125538
22664.0625,-20.112267084234027
22675.78125,-20.047336464647767
22687.5,-20.04479999893006
22699.21875,-20.016905659850913
22710.9375,-20.015942386561207
22722.65625,-20.164666115777337
22734.375,-20.31062907015219
22746.09375,-20.31559157869364
22757.8125,-20.36194780581537
22769.53125,-20.610752382218593
22781.25,-20.861689874201677
22792.96875,-20.990668120422512
22804.6875,-21.194506608879117
22816.40625,-21.621012436430476
22828.125,-21.939156858539356
22839.84375,-22.163084160667417
22851.5625,-22.60154983464393
22863.28125,-23.060033790718315
22875,-23.410566319885465
22886.71875,-23.77585029758177
22898.4375,-24.197731562570425
22910.15625,-24.655483166934097
22921.875,-24.982682082105384
22933.59375,-25.30050719812001
22945.3125,-25.695212267402066
22957.03125,-26.026798320487806
22968.75,-26.383189171102774
22980.46875,-26.72484291002425
22992.1875,-27.026629400321657
23003.90625,-27.289981405107163
23015.625,-27.71779256710503
23027.34375,-27.955525600541286
23039.0625,-28.249389359142118
23050.78125,-28.629394298050936
23062.5,-29.072865613215267
23074.21875,-29.405062957974394
23085.9375,-29.816004180927056
23097.65625,-30.220545214245334
23109.375,-30.440275047292403
23121.09375,-30.693395890859627
23132.8125,-30.88562787594734
23144.53125,-31.258014842150075
23156.25,-31.544495804796718
23167.96875,-31.607271153743426
23179.6875,-31.932623173735195
23191.40625,-32.22775680579502
23203.125,-32.212195974906585
23214.84375,-32.3559013054586
23226.5625,-32.49513290608145
23238.28125,-32.43313498578115
23250,-32.525152148336204
23261.71875,-32.46271431801484
23273.4375,-32.47388393781692
23285.15625,-32.56573557325354
23296.875,-32.601541157515584
23308.59375,-32.64821036215599
23320.3125,-32.488026758196284
23332.03125,-32.393792128044865
23343.75,-32.558006853928745
23355.46875,-32.536742839738004
23367.1875,-32.316090018776386
23378.90625,-32.505274472641396
23390.625,-32.67826043181272
23402.34375,-32.72147052147418
23414.0625,-32.86740455527824
23425.78125,-33.1184898704605
23437.5,-33.21562561202904
23449.21875,-33.31661467046501
23460.9375,-33.23879847382735
23472.65625,-33.41489074813309
23484.375,-33.49500566870826
23496.09375,-33.3030953572564
23507.8125,-33.51400906145453
23519.53125,-33.429371138740606
23531.25,-33.65278185673375
23542.96875,-33.78600346165794
23554.6875,-33.78662467057468
23566.40625,-33.93303741021017
23578.125,-34.07997194968217
23589.84375,-34.25027109984207
23601.5625,-34.219193541581795
23613.28125,-34.80771627881707
23625,-34.94781129364757
23636.71875,-34.853544014714345
23648.4375,-34.94931836676702
23660.15625,-35.37314452255809
23671.875,-35.988947916412705
23683.59375,-35.40104097097428
23695.3125,-35.86717021193608
23707.03125,-34.71260303406471
23718.75,-36.93795980689495
23730.46875,-36.2500863886886
23742.1875,-37.45192539501033
23753.90625,-36.393637774168525
23765.625,-37.27269779992938
23777.34375,-37.74138179821578
23789.0625,-41.2022750191592
23800.78125,-38.96328787165089
23812.5,-39.586314107000796
23824.21875,-37.532622403315
23835.9375,-38.443550994960034
23847.65625,-39.226266283751784
23859.375,-36.18173935166172
23871.09375,-37.631007317056145
23882.8125,-38.23726830425477
23894.53125,-35.07613428705261
23906.25,-30.927199984263805
23917.96875,-36.68776424945706
23929.6875,-36.21203662540246
23941.40625,-28.318048140334934
23953.125,-27.51886802632572
23964.84375,-28.95904548227471
23976.5625,-34.8314726267275
23988.28125,-33.35331597749096
24000,-51.87468034792354
